Year,Date,Easter Sunday
2021,2021-04-04,"April 04, 2021"
2022,2022-04-17,"April 17, 2022"
2023,2023-04-09,"April 09, 2023"
2024,2024-03-31,"March 31, 2024"
2025,2025-04-20,"April 20, 2025"
2026,2026-04-05,"April 05, 2026"
2027,2027-03-28,"March 28, 2027"
2028,2028-04-16,"April 16, 2028"
2029,2029-04-01,"April 01, 2029"
2030,2030-04-21,"April 21, 2030"
2031,2031-04-13,"April 13, 2031"
2032,2032-03-28,"March 28, 2032"
2033,2033-04-17,"April 17, 2033"
2034,2034-04-09,"April 09, 2034"
2035,2035-03-25,"March 25, 2035"
2036,2036-04-13,"April 13, 2036"
2037,2037-04-05,"April 05, 2037"
2038,2038-04-25,"April 25, 2038"
2039,2039-04-10,"April 10, 2039"
2040,2040-04-01,"April 01, 2040"
2041,2041-04-21,"April 21, 2041"
2042,2042-04-06,"April 06, 2042"
2043,2043-03-29,"March 29, 2043"
2044,2044-04-17,"April 17, 2044"
2045,2045-04-09,"April 09, 2045"
2046,2046-03-25,"March 25, 2046"
2047,2047-04-14,"April 14, 2047"
2048,2048-04-05,"April 05, 2048"
2049,2049-04-18,"April 18, 2049"
2050,2050-04-10,"April 10, 2050"
2051,2051-04-02,"April 02, 2051"
2052,2052-04-21,"April 21, 2052"
2053,2053-04-06,"April 06, 2053"
2054,2054-03-29,"March 29, 2054"
2055,2055-04-18,"April 18, 2055"
2056,2056-04-02,"April 02, 2056"
2057,2057-04-22,"April 22, 2057"
2058,2058-04-14,"April 14, 2058"
2059,2059-03-30,"March 30, 2059"
2060,2060-04-18,"April 18, 2060"
2061,2061-04-10,"April 10, 2061"
2062,2062-03-26,"March 26, 2062"
2063,2063-04-15,"April 15, 2063"
2064,2064-04-06,"April 06, 2064"
2065,2065-03-29,"March 29, 2065"
2066,2066-04-11,"April 11, 2066"
2067,2067-04-03,"April 03, 2067"
2068,2068-04-22,"April 22, 2068"
2069,2069-04-14,"April 14, 2069"
2070,2070-03-30,"March 30, 2070"
2071,2071-04-19,"April 19, 2071"
2072,2072-04-10,"April 10, 2072"
2073,2073-03-26,"March 26, 2073"
2074,2074-04-15,"April 15, 2074"
2075,2075-04-07,"April 07, 2075"
2076,2076-04-19,"April 19, 2076"
2077,2077-04-11,"April 11, 2077"
2078,2078-04-03,"April 03, 2078"
2079,2079-04-23,"April 23, 2079"
2080,2080-04-07,"April 07, 2080"
2081,2081-03-30,"March 30, 2081"
2082,2082-04-19,"April 19, 2082"
2083,2083-04-04,"April 04, 2083"
2084,2084-03-26,"March 26, 2084"
2085,2085-04-15,"April 15, 2085"
2086,2086-03-31,"March 31, 2086"
2087,2087-04-20,"April 20, 2087"
2088,2088-04-11,"April 11, 2088"
2089,2089-04-03,"April 03, 2089"
2090,2090-04-16,"April 16, 2090"
2091,2091-04-08,"April 08, 2091"
2092,2092-03-30,"March 30, 2092"
2093,2093-04-12,"April 12, 2093"
2094,2094-04-04,"April 04, 2094"
2095,2095-04-24,"April 24, 2095"
2096,2096-04-15,"April 15, 2096"
2097,2097-03-31,"March 31, 2097"
2098,2098-04-20,"April 20, 2098"
2099,2099-04-12,"April 12, 2099"
2100,2100-03-28,"March 28, 2100"
2101,2101-04-17,"April 17, 2101"
2102,2102-04-09,"April 09, 2102"
2103,2103-03-25,"March 25, 2103"
2104,2104-04-13,"April 13, 2104"
2105,2105-04-05,"April 05, 2105"
2106,2106-04-18,"April 18, 2106"
2107,2107-04-10,"April 10, 2107"
2108,2108-04-01,"April 01, 2108"
2109,2109-04-21,"April 21, 2109"
2110,2110-04-06,"April 06, 2110"
2111,2111-03-29,"March 29, 2111"
2112,2112-04-17,"April 17, 2112"
2113,2113-04-02,"April 02, 2113"
2114,2114-04-22,"April 22, 2114"
2115,2115-04-14,"April 14, 2115"
2116,2116-03-29,"March 29, 2116"
2117,2117-04-18,"April 18, 2117"
2118,2118-04-10,"April 10, 2118"
2119,2119-03-26,"March 26, 2119"
2120,2120-04-14,"April 14, 2120"
2121,2121-04-06,"April 06, 2121"
2122,2122-03-29,"March 29, 2122"
2123,2123-04-11,"April 11, 2123"
2124,2124-04-02,"April 02, 2124"
2125,2125-04-22,"April 22, 2125"
2126,2126-04-14,"April 14, 2126"
2127,2127-03-30,"March 30, 2127"
2128,2128-04-18,"April 18, 2128"
2129,2129-04-10,"April 10, 2129"
2130,2130-03-26,"March 26, 2130"
2131,2131-04-15,"April 15, 2131"
2132,2132-04-06,"April 06, 2132"
2133,2133-04-19,"April 19, 2133"
2134,2134-04-11,"April 11, 2134"
2135,2135-04-03,"April 03, 2135"
2136,2136-04-22,"April 22, 2136"
2137,2137-04-07,"April 07, 2137"
2138,2138-03-30,"March 30, 2138"
2139,2139-04-19,"April 19, 2139"
2140,2140-04-03,"April 03, 2140"
2141,2141-03-26,"March 26, 2141"
2142,2142-04-15,"April 15, 2142"
2143,2143-03-31,"March 31, 2143"
2144,2144-04-19,"April 19, 2144"
2145,2145-04-11,"April 11, 2145"
2146,2146-04-03,"April 03, 2146"
2147,2147-04-16,"April 16, 2147"
2148,2148-04-07,"April 07, 2148"
2149,2149-03-30,"March 30, 2149"
2150,2150-04-12,"April 12, 2150"
2151,2151-04-04,"April 04, 2151"
2152,2152-04-23,"April 23, 2152"
2153,2153-04-15,"April 15, 2153"
2154,2154-03-31,"March 31, 2154"
2155,2155-04-20,"April 20, 2155"
2156,2156-04-11,"April 11, 2156"
2157,2157-03-27,"March 27, 2157"
2158,2158-04-16,"April 16, 2158"
2159,2159-04-08,"April 08, 2159"
2160,2160-03-23,"March 23, 2160"
2161,2161-04-12,"April 12, 2161"
2162,2162-04-04,"April 04, 2162"
2163,2163-04-24,"April 24, 2163"
2164,2164-04-08,"April 08, 2164"
2165,2165-03-31,"March 31, 2165"
2166,2166-04-20,"April 20, 2166"
2167,2167-04-05,"April 05, 2167"
2168,2168-03-27,"March 27, 2168"
2169,2169-04-16,"April 16, 2169"
2170,2170-04-01,"April 01, 2170"
2171,2171-04-21,"April 21, 2171"
2172,2172-04-12,"April 12, 2172"
2173,2173-04-04,"April 04, 2173"
2174,2174-04-17,"April 17, 2174"
2175,2175-04-09,"April 09, 2175"
2176,2176-03-31,"March 31, 2176"
2177,2177-04-20,"April 20, 2177"
2178,2178-04-05,"April 05, 2178"
2179,2179-03-28,"March 28, 2179"
2180,2180-04-16,"April 16, 2180"
2181,2181-04-01,"April 01, 2181"
2182,2182-04-21,"April 21, 2182"
2183,2183-04-13,"April 13, 2183"
2184,2184-03-28,"March 28, 2184"
2185,2185-04-17,"April 17, 2185"
2186,2186-04-09,"April 09, 2186"
2187,2187-03-25,"March 25, 2187"
2188,2188-04-13,"April 13, 2188"
2189,2189-04-05,"April 05, 2189"
2190,2190-04-25,"April 25, 2190"
2191,2191-04-10,"April 10, 2191"
2192,2192-04-01,"April 01, 2192"
2193,2193-04-21,"April 21, 2193"
2194,2194-04-06,"April 06, 2194"
2195,2195-03-29,"March 29, 2195"
2196,2196-04-17,"April 17, 2196"
2197,2197-04-09,"April 09, 2197"
2198,2198-03-25,"March 25, 2198"
2199,2199-04-14,"April 14, 2199"
2200,2200-04-06,"April 06, 2200"
2201,2201-04-19,"April 19, 2201"
2202,2202-04-11,"April 11, 2202"
2203,2203-04-03,"April 03, 2203"
2204,2204-04-22,"April 22, 2204"
2205,2205-04-07,"April 07, 2205"
2206,2206-03-30,"March 30, 2206"
2207,2207-04-19,"April 19, 2207"
2208,2208-04-03,"April 03, 2208"
2209,2209-03-26,"March 26, 2209"
2210,2210-04-15,"April 15, 2210"
2211,2211-03-31,"March 31, 2211"
2212,2212-04-19,"April 19, 2212"
2213,2213-04-11,"April 11, 2213"
2214,2214-03-27,"March 27, 2214"
2215,2215-04-16,"April 16, 2215"
2216,2216-04-07,"April 07, 2216"
2217,2217-03-30,"March 30, 2217"
2218,2218-04-12,"April 12, 2218"
2219,2219-04-04,"April 04, 2219"
2220,2220-04-23,"April 23, 2220"
2221,2221-04-15,"April 15, 2221"
2222,2222-03-31,"March 31, 2222"
2223,2223-04-20,"April 20, 2223"
2224,2224-04-11,"April 11, 2224"
2225,2225-03-27,"March 27, 2225"
2226,2226-04-16,"April 16, 2226"
2227,2227-04-08,"April 08, 2227"
2228,2228-03-23,"March 23, 2228"
2229,2229-04-12,"April 12, 2229"
2230,2230-04-04,"April 04, 2230"
2231,2231-04-24,"April 24, 2231"
2232,2232-04-08,"April 08, 2232"
2233,2233-03-31,"March 31, 2233"
2234,2234-04-20,"April 20, 2234"
2235,2235-04-05,"April 05, 2235"
2236,2236-03-27,"March 27, 2236"
2237,2237-04-16,"April 16, 2237"
2238,2238-04-01,"April 01, 2238"
2239,2239-04-21,"April 21, 2239"
2240,2240-04-12,"April 12, 2240"
2241,2241-04-04,"April 04, 2241"
2242,2242-04-17,"April 17, 2242"
2243,2243-04-09,"April 09, 2243"
2244,2244-03-31,"March 31, 2244"
2245,2245-04-13,"April 13, 2245"
2246,2246-04-05,"April 05, 2246"
2247,2247-03-28,"March 28, 2247"
2248,2248-04-16,"April 16, 2248"
2249,2249-04-01,"April 01, 2249"
2250,2250-04-21,"April 21, 2250"
2251,2251-04-13,"April 13, 2251"
2252,2252-03-28,"March 28, 2252"
2253,2253-04-17,"April 17, 2253"
2254,2254-04-09,"April 09, 2254"
2255,2255-03-25,"March 25, 2255"
2256,2256-04-13,"April 13, 2256"
2257,2257-04-05,"April 05, 2257"
2258,2258-04-25,"April 25, 2258"
2259,2259-04-10,"April 10, 2259"
2260,2260-04-01,"April 01, 2260"
2261,2261-04-21,"April 21, 2261"
2262,2262-04-06,"April 06, 2262"
2263,2263-03-29,"March 29, 2263"
2264,2264-04-17,"April 17, 2264"
2265,2265-04-02,"April 02, 2265"
2266,2266-03-25,"March 25, 2266"
2267,2267-04-14,"April 14, 2267"
2268,2268-04-05,"April 05, 2268"
2269,2269-04-18,"April 18, 2269"
2270,2270-04-10,"April 10, 2270"
2271,2271-04-02,"April 02, 2271"
2272,2272-04-21,"April 21, 2272"
2273,2273-04-06,"April 06, 2273"
2274,2274-03-29,"March 29, 2274"
2275,2275-04-18,"April 18, 2275"
2276,2276-04-02,"April 02, 2276"
2277,2277-04-22,"April 22, 2277"
2278,2278-04-14,"April 14, 2278"
2279,2279-03-30,"March 30, 2279"
2280,2280-04-18,"April 18, 2280"
2281,2281-04-10,"April 10, 2281"
2282,2282-03-26,"March 26, 2282"
2283,2283-04-15,"April 15, 2283"
2284,2284-04-06,"April 06, 2284"
2285,2285-03-22,"March 22, 2285"
2286,2286-04-11,"April 11, 2286"
2287,2287-04-03,"April 03, 2287"
2288,2288-04-22,"April 22, 2288"
2289,2289-04-07,"April 07, 2289"
2290,2290-03-30,"March 30, 2290"
2291,2291-04-19,"April 19, 2291"
2292,2292-04-10,"April 10, 2292"
2293,2293-03-26,"March 26, 2293"
2294,2294-04-15,"April 15, 2294"
2295,2295-04-07,"April 07, 2295"
2296,2296-04-19,"April 19, 2296"
2297,2297-04-11,"April 11, 2297"
2298,2298-04-03,"April 03, 2298"
2299,2299-04-16,"April 16, 2299"
2300,2300-04-08,"April 08, 2300"
2301,2301-03-31,"March 31, 2301"
2302,2302-04-20,"April 20, 2302"
2303,2303-04-05,"April 05, 2303"
2304,2304-03-27,"March 27, 2304"
2305,2305-04-16,"April 16, 2305"
2306,2306-04-01,"April 01, 2306"
2307,2307-04-21,"April 21, 2307"
2308,2308-04-12,"April 12, 2308"
2309,2309-03-28,"March 28, 2309"
2310,2310-04-17,"April 17, 2310"
2311,2311-04-09,"April 09, 2311"
2312,2312-03-31,"March 31, 2312"
2313,2313-04-13,"April 13, 2313"
2314,2314-04-05,"April 05, 2314"
2315,2315-03-28,"March 28, 2315"
2316,2316-04-16,"April 16, 2316"
2317,2317-04-01,"April 01, 2317"
2318,2318-04-21,"April 21, 2318"
2319,2319-04-06,"April 06, 2319"
2320,2320-03-28,"March 28, 2320"
2321,2321-04-17,"April 17, 2321"
2322,2322-04-09,"April 09, 2322"
2323,2323-03-25,"March 25, 2323"
2324,2324-04-13,"April 13, 2324"
2325,2325-04-05,"April 05, 2325"
2326,2326-04-25,"April 25, 2326"
2327,2327-04-10,"April 10, 2327"
2328,2328-04-01,"April 01, 2328"
2329,2329-04-21,"April 21, 2329"
2330,2330-04-06,"April 06, 2330"
2331,2331-03-29,"March 29, 2331"
2332,2332-04-17,"April 17, 2332"
2333,2333-04-02,"April 02, 2333"
2334,2334-03-25,"March 25, 2334"
2335,2335-04-14,"April 14, 2335"
2336,2336-04-05,"April 05, 2336"
2337,2337-04-18,"April 18, 2337"
2338,2338-04-10,"April 10, 2338"
2339,2339-03-26,"March 26, 2339"
2340,2340-04-14,"April 14, 2340"
2341,2341-04-06,"April 06, 2341"
2342,2342-03-29,"March 29, 2342"
2343,2343-04-11,"April 11, 2343"
2344,2344-04-02,"April 02, 2344"
2345,2345-04-22,"April 22, 2345"
2346,2346-04-14,"April 14, 2346"
2347,2347-03-30,"March 30, 2347"
2348,2348-04-18,"April 18, 2348"
2349,2349-04-10,"April 10, 2349"
2350,2350-03-26,"March 26, 2350"
2351,2351-04-15,"April 15, 2351"
2352,2352-04-06,"April 06, 2352"
2353,2353-03-22,"March 22, 2353"
2354,2354-04-11,"April 11, 2354"
2355,2355-04-03,"April 03, 2355"
2356,2356-04-22,"April 22, 2356"
2357,2357-04-07,"April 07, 2357"
2358,2358-03-30,"March 30, 2358"
2359,2359-04-19,"April 19, 2359"
2360,2360-04-03,"April 03, 2360"
2361,2361-03-26,"March 26, 2361"
2362,2362-04-15,"April 15, 2362"
2363,2363-03-31,"March 31, 2363"
2364,2364-04-19,"April 19, 2364"
2365,2365-04-11,"April 11, 2365"
2366,2366-04-03,"April 03, 2366"
2367,2367-04-16,"April 16, 2367"
2368,2368-04-07,"April 07, 2368"
2369,2369-03-30,"March 30, 2369"
2370,2370-04-19,"April 19, 2370"
2371,2371-04-04,"April 04, 2371"
2372,2372-03-26,"March 26, 2372"
2373,2373-04-15,"April 15, 2373"
2374,2374-03-31,"March 31, 2374"
2375,2375-04-20,"April 20, 2375"
2376,2376-04-11,"April 11, 2376"
2377,2377-03-27,"March 27, 2377"
2378,2378-04-16,"April 16, 2378"
2379,2379-04-08,"April 08, 2379"
2380,2380-03-23,"March 23, 2380"
2381,2381-04-12,"April 12, 2381"
2382,2382-04-04,"April 04, 2382"
2383,2383-04-24,"April 24, 2383"
2384,2384-04-08,"April 08, 2384"
2385,2385-03-31,"March 31, 2385"
2386,2386-04-20,"April 20, 2386"
2387,2387-04-05,"April 05, 2387"
2388,2388-03-27,"March 27, 2388"
2389,2389-04-16,"April 16, 2389"
2390,2390-04-08,"April 08, 2390"
2391,2391-03-24,"March 24, 2391"
2392,2392-04-12,"April 12, 2392"
2393,2393-04-04,"April 04, 2393"
2394,2394-04-17,"April 17, 2394"
2395,2395-04-09,"April 09, 2395"
2396,2396-03-31,"March 31, 2396"
2397,2397-04-20,"April 20, 2397"
2398,2398-04-05,"April 05, 2398"
2399,2399-03-28,"March 28, 2399"
2400,2400-04-16,"April 16, 2400"
2401,2401-04-01,"April 01, 2401"
2402,2402-04-21,"April 21, 2402"
2403,2403-04-13,"April 13, 2403"
2404,2404-03-28,"March 28, 2404"
2405,2405-04-17,"April 17, 2405"
2406,2406-04-09,"April 09, 2406"
2407,2407-03-25,"March 25, 2407"
2408,2408-04-13,"April 13, 2408"
2409,2409-04-05,"April 05, 2409"
2410,2410-04-25,"April 25, 2410"
2411,2411-04-10,"April 10, 2411"
2412,2412-04-01,"April 01, 2412"
2413,2413-04-21,"April 21, 2413"
2414,2414-04-06,"April 06, 2414"
2415,2415-03-29,"March 29, 2415"
2416,2416-04-17,"April 17, 2416"
2417,2417-04-02,"April 02, 2417"
2418,2418-03-25,"March 25, 2418"
2419,2419-04-14,"April 14, 2419"
2420,2420-04-05,"April 05, 2420"
2421,2421-04-18,"April 18, 2421"
2422,2422-04-10,"April 10, 2422"
2423,2423-04-02,"April 02, 2423"
2424,2424-04-21,"April 21, 2424"
2425,2425-04-06,"April 06, 2425"
2426,2426-03-29,"March 29, 2426"
2427,2427-04-18,"April 18, 2427"
2428,2428-04-02,"April 02, 2428"
2429,2429-04-22,"April 22, 2429"
2430,2430-04-14,"April 14, 2430"
2431,2431-03-30,"March 30, 2431"
2432,2432-04-18,"April 18, 2432"
2433,2433-04-10,"April 10, 2433"
2434,2434-03-26,"March 26, 2434"
2435,2435-04-15,"April 15, 2435"
2436,2436-04-06,"April 06, 2436"
2437,2437-03-22,"March 22, 2437"
2438,2438-04-11,"April 11, 2438"
2439,2439-04-03,"April 03, 2439"
2440,2440-04-22,"April 22, 2440"
2441,2441-04-07,"April 07, 2441"
2442,2442-03-30,"March 30, 2442"
2443,2443-04-19,"April 19, 2443"
2444,2444-04-10,"April 10, 2444"
2445,2445-03-26,"March 26, 2445"
2446,2446-04-15,"April 15, 2446"
2447,2447-04-07,"April 07, 2447"
2448,2448-04-19,"April 19, 2448"
2449,2449-04-11,"April 11, 2449"
2450,2450-04-03,"April 03, 2450"
2451,2451-04-16,"April 16, 2451"
2452,2452-04-07,"April 07, 2452"
2453,2453-03-30,"March 30, 2453"
2454,2454-04-19,"April 19, 2454"
2455,2455-04-04,"April 04, 2455"
2456,2456-03-26,"March 26, 2456"
2457,2457-04-15,"April 15, 2457"
2458,2458-03-31,"March 31, 2458"
2459,2459-04-20,"April 20, 2459"
2460,2460-04-11,"April 11, 2460"
2461,2461-03-27,"March 27, 2461"
2462,2462-04-16,"April 16, 2462"
2463,2463-04-08,"April 08, 2463"
2464,2464-03-30,"March 30, 2464"
2465,2465-04-12,"April 12, 2465"
2466,2466-04-04,"April 04, 2466"
2467,2467-04-24,"April 24, 2467"
2468,2468-04-15,"April 15, 2468"
2469,2469-03-31,"March 31, 2469"
2470,2470-04-20,"April 20, 2470"
2471,2471-04-05,"April 05, 2471"
2472,2472-03-27,"March 27, 2472"
2473,2473-04-16,"April 16, 2473"
2474,2474-04-08,"April 08, 2474"
2475,2475-03-24,"March 24, 2475"
2476,2476-04-12,"April 12, 2476"
2477,2477-04-04,"April 04, 2477"
2478,2478-04-24,"April 24, 2478"
2479,2479-04-09,"April 09, 2479"
2480,2480-03-31,"March 31, 2480"
2481,2481-04-20,"April 20, 2481"
2482,2482-04-05,"April 05, 2482"
2483,2483-03-28,"March 28, 2483"
2484,2484-04-16,"April 16, 2484"
2485,2485-04-01,"April 01, 2485"
2486,2486-04-21,"April 21, 2486"
2487,2487-04-13,"April 13, 2487"
2488,2488-04-04,"April 04, 2488"
2489,2489-04-17,"April 17, 2489"
2490,2490-04-09,"April 09, 2490"
2491,2491-03-25,"March 25, 2491"
2492,2492-04-13,"April 13, 2492"
2493,2493-04-05,"April 05, 2493"
2494,2494-03-28,"March 28, 2494"
2495,2495-04-10,"April 10, 2495"
2496,2496-04-01,"April 01, 2496"
2497,2497-04-21,"April 21, 2497"
2498,2498-04-13,"April 13, 2498"
2499,2499-03-29,"March 29, 2499"
2500,2500-04-18,"April 18, 2500"
2501,2501-04-10,"April 10, 2501"
2502,2502-03-26,"March 26, 2502"
2503,2503-04-15,"April 15, 2503"
2504,2504-04-06,"April 06, 2504"
2505,2505-03-22,"March 22, 2505"
2506,2506-04-11,"April 11, 2506"
2507,2507-04-03,"April 03, 2507"
2508,2508-04-22,"April 22, 2508"
2509,2509-04-07,"April 07, 2509"
2510,2510-03-30,"March 30, 2510"
2511,2511-04-19,"April 19, 2511"
2512,2512-04-03,"April 03, 2512"
2513,2513-03-26,"March 26, 2513"
2514,2514-04-15,"April 15, 2514"
2515,2515-03-31,"March 31, 2515"
2516,2516-04-19,"April 19, 2516"
2517,2517-04-11,"April 11, 2517"
2518,2518-04-03,"April 03, 2518"
2519,2519-04-16,"April 16, 2519"
2520,2520-04-07,"April 07, 2520"
2521,2521-03-30,"March 30, 2521"
